time,page 
0,87.36260714285713 
10,273.4309402985074 
20,1571.932803921568 
