time,size_sent,size_rcv 
0,7.8203125,1258.02421875 
10,62.00546875,7781.2515625 
20,200.34609375,17129.059375 
