time,cpu@tsung_controller@ip-172-31-46-149 
0,10.59649328908338 
10,10.59649328908338 
20,10.59649328908338 
