time,session 
10,1228.4628328573892 
20,1828.0121081224643 
