time,freemem@tsung_controller@ip-172-31-46-149 
0,690.85546875 
10,684.265625 
20,658.984375 
