time,page 
0,109.8351232241631 
10,307.1569721268926 
20,1038.6323019031993 
