time,connect,request 
0,6.520772233068378,109.8351232241631 
10,0.5442319243720076,296.5590616112156 
20,1.192641340696786,1024.243162342546 
