time,connect,request 
0,2.762866666666667,87.36260714285713 
10,1.0736808510638294,263.5900431654676 
20,1.134227272727272,1553.5815488721798 
