time,cpu@tsung_controller@ip-172-31-46-149 
0,10.59649328908338 
10,1.25250501002004 
20,0.8529854490717512 
