time,size_sent,size_rcv 
0,7.8203125,1258.02421875 
10,54.18515625,6523.22734375 
20,138.340625,9347.8078125 
