time,load@tsung_controller@ip-172-31-46-149 
0,0.05859375 
10,0.05078125 
20,0.0390625 
