time,load@tsung_controller@ip-172-31-52-223 
0,0.0 
10,0.1484375 
20,0.12109375 
30,0.1015625 
40,0.08984375 
50,0.0703125 
60,0.05859375 
70,0.05078125 
80,0.0390625 
90,0.0390625 
100,0.03125 
110,0.01953125 
120,0.01953125 
130,0.01953125 
140,0.01171875 
150,0.01171875 
160,0.01171875 
170,0.01171875 
180,0.01171875 
190,0.0 
200,0.078125 
210,0.0703125 
220,0.05859375 
230,0.05078125 
240,0.0390625 
250,0.03125 
260,0.03125 
262,0.01953125 
