time,page 
0,29.290857142857142 
10,19.554931034482756 
20,17.226132231404968 
30,19.80916475095782 
39,27.27847999999998 
