time,page 
0,18.78226513365788 
10,7.551085050740694 
20,3.819048317137472 
30,7.111625377185177 
39,10.899655793504342 
