time,freemem@tsung_controller@ip-172-31-59-73 
0,670.1484375 
10,672.50390625 
20,672.50390625 
30,672.50390625 
39,672.50390625 
