time,freemem@tsung_controller@ip-172-31-59-73 
0,670.1484375 
10,672.50390625 
20,671.734375 
30,671.37890625 
39,669.37890625 
