time,session 
0,19.533681018242543 
10,7.39067771284548 
20,3.7507912312834013 
30,7.283149044139387 
39,11.187155652376505 
