time,page 
0,159.78794676348403 
10,504.99097881432016 
20,1626.037737805165 
30,4099.181789418499 
40,7104.623835712687 
50,5884.0016448778215 
57,12418.137059022345 
