time,freemem@tsung_controller@ip-172-31-55-94 
0,669.3984375 
10,669.3984375 
20,669.3984375 
30,669.3984375 
40,669.3984375 
50,669.3984375 
57,669.3984375 
