time,freemem@tsung_controller@ip-172-31-55-94 
0,669.3984375 
10,664.89453125 
20,649.5078125 
30,618.6953125 
40,595.80859375 
50,591.39453125 
57,587.8828125 
