time,page 
0,103.21009999999998 
10,329.5112777777779 
20,2415.4494864864864 
30,3450.6404046822745 
40,5721.634253012048 
50,26074.301674418606 
57,13023.14753658536 
