time,freemem@tsung_controller@ip-172-31-50-238 
0,678.50390625 
10,677.61328125 
20,677.91796875 
30,676.328125 
40,675.828125 
50,672.61328125 
60,670.83984375 
70,671.10546875 
80,673.03515625 
90,672.30859375 
100,670.92578125 
110,669.91796875 
120,670.96875 
130,663.6640625 
140,658.953125 
150,663.05859375 
160,650.8046875 
170,639.625 
180,646.23828125 
190,595.7578125 
200,578.734375 
210,578.578125 
220,572.2578125 
230,574.0625 
240,568.8984375 
242,585.80859375 
