time,load@tsung_controller@ip-172-31-63-98 
0,0.4609375 
10,0.4609375 
20,0.4609375 
30,0.4609375 
40,0.4609375 
50,0.4609375 
60,0.4609375 
70,0.4609375 
80,0.4609375 
90,0.4609375 
100,0.4609375 
110,0.4609375 
120,0.4609375 
130,0.4609375 
140,0.4609375 
150,0.4609375 
160,0.4609375 
170,0.4609375 
180,0.4609375 
190,0.4609375 
200,0.4609375 
210,0.4609375 
