time,cpu@tsung_controller@ip-172-31-63-98 
0,28.444726005701614 
10,0.5007511266900351 
20,0.25037556334501754 
30,0.15 
40,0.15 
50,0.15 
60,0.15 
70,0.15 
80,0.15 
90,0.15 
100,0.15 
110,0.15 
120,0.15 
130,0.15 
140,0.15 
150,0.15 
160,0.15 
170,0.15 
180,0.15 
190,0.15 
200,0.15 
210,0.15 
