time,load@tsung_controller@ip-172-31-63-98 
0,0.4609375 
10,0.390625 
20,0.328125 
30,0.28125 
40,0.23046875 
50,0.19921875 
60,0.171875 
70,0.140625 
80,0.12109375 
90,0.1015625 
100,0.078125 
110,0.0703125 
120,0.05859375 
130,0.05078125 
140,0.0390625 
150,0.109375 
160,0.08984375 
170,0.078125 
180,0.0703125 
190,0.05859375 
200,0.05078125 
210,0.0390625 
