time,load@tsung_controller@ip-172-31-50-170 
0,0.0390625 
10,0.0390625 
20,0.0390625 
30,0.0390625 
40,0.0390625 
50,0.0390625 
60,0.0390625 
70,0.0390625 
80,0.0390625 
90,0.0390625 
100,0.0390625 
110,0.0390625 
120,0.078125 
130,0.078125 
140,0.078125 
150,0.078125 
160,0.078125 
170,0.078125 
180,0.078125 
190,0.078125 
200,0.078125 
210,0.078125 
220,0.46875 
230,0.55859375 
240,0.62109375 
250,0.62109375 
260,0.62109375 
270,0.62109375 
280,0.62109375 
290,0.62109375 
293,0.62109375 
