time,load@tsung_controller@ip-172-31-50-170 
0,0.0390625 
10,0.0390625 
20,0.03125 
30,0.03125 
40,0.01953125 
50,0.01953125 
60,0.01171875 
70,0.01171875 
80,0.01171875 
90,0.01171875 
100,0.01171875 
110,0.0 
120,0.078125 
130,0.0703125 
140,0.05859375 
150,0.05078125 
160,0.0390625 
170,0.03125 
180,0.03125 
190,0.01953125 
200,0.01953125 
210,0.01953125 
220,0.46875 
230,0.55859375 
240,0.62109375 
250,0.53125 
260,0.51953125 
270,0.44140625 
280,0.37109375 
290,0.30859375 
293,0.26171875 
