time,load@tsung_controller@ip-172-31-45-17 
0,0.0703125 
10,0.05859375 
20,0.05078125 
30,0.0390625 
40,0.03125 
50,0.03125 
60,0.01953125 
70,0.01953125 
80,0.08984375 
90,0.078125 
100,0.05859375 
110,0.05078125 
120,0.0390625 
130,0.0390625 
140,0.03125 
150,0.03125 
160,0.01953125 
170,0.01953125 
180,0.01171875 
190,0.01171875 
200,0.01171875 
210,0.16015625 
220,0.12890625 
230,0.1796875 
240,0.23828125 
242,0.19921875 
