time,load@tsung_controller@ip-172-31-38-255 
0,0.0703125 
10,0.05859375 
20,0.05078125 
30,0.0390625 
40,0.03125 
50,0.03125 
60,0.01953125 
70,0.01953125 
80,0.01953125 
90,0.01171875 
100,0.01171875 
110,0.01171875 
120,0.01171875 
130,0.01171875 
140,0.0 
150,0.0 
160,0.0 
170,0.0 
180,0.0 
190,0.0 
200,0.0 
210,0.078125 
220,0.140625 
230,0.26953125 
240,0.30859375 
