time,freemem@tsung_controller@ip-172-31-45-17 
0,679.3984375 
10,678.5703125 
20,676.4609375 
30,676.4609375 
40,676.4609375 
50,676.4609375 
60,676.4609375 
70,675.41015625 
80,672.69140625 
90,671.73828125 
100,671.73828125 
110,670.69921875 
120,667.4296875 
130,643.265625 
140,642.51953125 
150,631.36328125 
160,616.75 
170,606.49609375 
180,597.32421875 
190,597.32421875 
200,594.00390625 
210,594.00390625 
220,594.00390625 
230,594.00390625 
241,594.00390625 
243,594.00390625 
