time,load@tsung_controller@ip-172-31-45-17 
0,0.0 
10,0.0 
20,0.0 
30,0.0 
40,0.0 
50,0.0 
60,0.0 
70,0.0 
80,0.0 
90,0.0 
100,0.0 
110,0.0703125 
120,0.05859375 
130,0.05078125 
140,0.0390625 
150,0.0390625 
160,0.03125 
170,0.01953125 
180,0.01953125 
190,0.01953125 
200,0.01171875 
210,0.01171875 
220,0.23828125 
230,0.2109375 
241,0.41015625 
243,0.3515625 
