time,cpu@tsung_controller@ip-172-31-45-17 
0,4.318938934228288 
10,0.25037556334501754 
20,0.4995004995004995 
30,0.3498250874562719 
40,0.39980009995002497 
50,0.49975012493753124 
60,0.6496751624187905 
70,0.5997001499250375 
80,0.8012018027040559 
90,0.9471585244267198 
100,1.1477045908183632 
110,1.2967581047381544 
120,1.25 
130,2.5857782197911483 
140,3.427719821162444 
150,2.9955067398901645 
160,4.005934718100891 
170,7.132667617689016 
180,8.271028037383179 
190,10.305719921104536 
200,11.07799304520616 
210,12.073231073725879 
220,18.450912678835717 
230,19.502681618722576 
241,18.236472945891784 
243,7.992106561420818 
