time,freemem@tsung_controller@ip-172-31-44-99 
0,683.52734375 
10,683.52734375 
20,683.22265625 
30,683.22265625 
40,683.19921875 
50,683.19921875 
60,683.1953125 
70,683.1953125 
80,683.1953125 
90,683.1953125 
100,683.1953125 
110,682.7421875 
120,682.7421875 
130,682.7421875 
140,682.7421875 
150,682.06640625 
160,681.140625 
170,681.140625 
180,680.02734375 
190,631.72265625 
200,609.34375 
210,607.09375 
220,607.09375 
230,607.09375 
238,607.09375 
