time,freemem@tsung_controller@ip-172-31-44-99 
0,683.52734375 
10,684.125 
20,683.22265625 
30,683.69140625 
40,683.19921875 
50,683.3125 
60,683.1953125 
70,683.4453125 
80,684.6484375 
90,683.80078125 
100,684.04296875 
110,682.7421875 
120,682.953125 
130,683.55078125 
140,682.9453125 
150,682.06640625 
160,681.140625 
170,681.48828125 
180,680.02734375 
190,631.72265625 
200,609.34375 
210,607.09375 
220,622.23046875 
230,629.62109375 
238,629.875 
