time,load@tsung_controller@ip-172-31-44-99 
0,0.0 
10,0.0 
20,0.0 
30,0.0 
40,0.0 
50,0.0 
60,0.0 
70,0.0 
80,0.0 
90,0.0 
100,0.0 
110,0.0 
120,0.0703125 
130,0.0703125 
140,0.0703125 
150,0.0703125 
160,0.12109375 
170,0.12109375 
180,0.12109375 
190,0.12109375 
200,0.12109375 
210,0.12109375 
220,0.12109375 
230,0.12109375 
238,0.12109375 
