time,load@tsung_controller@ip-172-31-32-225 
0,0.03125 
10,0.03125 
20,0.03125 
30,0.03125 
40,0.03125 
50,0.03125 
60,0.03125 
70,0.03125 
80,0.03125 
90,0.03125 
100,0.03125 
110,0.03125 
120,0.03125 
130,0.03125 
140,0.03125 
150,0.03125 
160,0.03125 
170,0.03125 
180,0.03125 
190,0.03125 
200,0.078125 
210,0.1484375 
220,0.26953125 
230,0.30078125 
240,0.328125 
250,0.58984375 
260,0.58984375 
270,0.58984375 
280,0.58984375 
