time,load@tsung_controller@ip-172-31-32-225 
0,0.03125 
10,0.01953125 
20,0.01953125 
30,0.01953125 
40,0.01171875 
50,0.01171875 
60,0.01171875 
70,0.01171875 
80,0.0 
90,0.0 
100,0.0 
110,0.0 
120,0.0 
130,0.0 
140,0.0 
150,0.0 
160,0.0 
170,0.0 
180,0.0 
190,0.0 
200,0.078125 
210,0.1484375 
220,0.26953125 
230,0.30078125 
240,0.328125 
250,0.58984375 
260,0.5703125 
270,0.48046875 
280,0.41015625 
