time,load@tsung_controller@ip-172-31-54-218 
0,0.140625 
10,0.140625 
20,0.140625 
30,0.140625 
40,0.140625 
50,0.140625 
60,0.140625 
70,0.140625 
80,0.140625 
90,0.140625 
100,0.140625 
110,0.140625 
120,0.140625 
130,0.140625 
140,0.140625 
150,0.140625 
160,0.140625 
170,0.140625 
180,0.140625 
190,0.140625 
200,0.140625 
210,0.140625 
220,0.140625 
230,0.140625 
240,0.140625 
247,0.19140625 
