time,freemem@tsung_controller@ip-172-31-53-120 
0,663.42578125 
10,663.42578125 
20,663.42578125 
30,663.42578125 
40,662.77734375 
50,660.60546875 
60,659.87109375 
70,654.50390625 
80,653.671875 
90,653.6640625 
100,651.0859375 
110,642.859375 
120,633.6328125 
130,626.203125 
140,618.2421875 
150,616.109375 
160,616.109375 
170,616.109375 
180,616.109375 
190,616.109375 
200,616.109375 
210,616.109375 
220,614.5 
230,614.5 
240,614.5 
250,614.5 
260,614.5 
262,614.5 
