time,load@tsung_controller@ip-172-31-53-120 
0,0.0390625 
10,0.109375 
20,0.109375 
30,0.109375 
40,0.109375 
50,0.109375 
60,0.109375 
70,0.109375 
80,0.109375 
90,0.109375 
100,0.109375 
110,0.109375 
120,0.109375 
130,0.109375 
140,0.109375 
150,0.109375 
160,0.109375 
170,0.109375 
180,0.109375 
190,0.109375 
200,0.109375 
210,0.109375 
220,0.109375 
230,0.109375 
240,0.109375 
250,0.109375 
260,0.109375 
262,0.109375 
