time,load@tsung_controller@ip-172-31-32-66 
0,0.19140625 
10,0.19140625 
20,0.19140625 
30,0.19140625 
40,0.19140625 
50,0.19140625 
60,0.19140625 
70,0.19140625 
80,0.19140625 
90,0.19140625 
100,0.19140625 
110,0.19140625 
120,0.19140625 
130,0.19140625 
140,0.19140625 
150,0.19140625 
160,0.19140625 
170,0.19140625 
180,0.19140625 
190,0.19140625 
200,0.19921875 
210,0.19921875 
220,0.19921875 
230,0.3515625 
