time,cpu@tsung_controller@ip-172-31-45-17 
0,5.640515021459228 
10,0.5991013479780329 
20,0.4 
30,0.4 
40,0.4 
50,0.4 
60,0.4 
70,0.4 
80,0.4 
90,0.4 
100,0.4 
110,0.4 
120,0.4 
130,0.4 
140,0.4 
150,0.4 
160,0.4 
170,0.4 
180,0.4 
190,0.4 
200,0.4 
210,0.4 
220,0.4 
230,0.4 
240,0.4 
250,0.4 
260,0.4 
270,0.4 
280,0.2 
290,0.2 
293,0.2 
