time,load@tsung_controller@ip-172-31-45-17 
0,0.01171875 
10,0.01171875 
20,0.01171875 
30,0.01171875 
40,0.01171875 
50,0.0 
60,0.16015625 
70,0.140625 
80,0.12109375 
90,0.1015625 
100,0.078125 
110,0.0703125 
120,0.05859375 
130,0.05078125 
140,0.0390625 
150,0.03125 
160,0.03125 
170,0.01953125 
180,0.01953125 
190,0.1015625 
200,0.078125 
210,0.140625 
220,0.26953125 
230,0.46875 
240,0.55078125 
250,0.5390625 
260,0.5390625 
270,0.44921875 
280,0.37890625 
290,0.3203125 
293,0.26953125 
