time,load@tsung_controller@ip-172-31-44-188 
0,0.0 
10,0.0 
20,0.0 
30,0.0 
40,0.0 
50,0.0 
60,0.0 
70,0.0 
80,0.0 
90,0.0 
100,0.0 
110,0.0 
120,0.0 
130,0.0 
140,0.0 
150,0.078125 
160,0.0703125 
170,0.05859375 
180,0.05078125 
190,0.0390625 
200,0.03125 
210,0.109375 
220,0.25 
230,0.2109375 
240,0.26171875 
250,0.30078125 
260,0.25 
270,0.2109375 
280,0.1796875 
290,0.1484375 
292,0.12890625 
