time,freemem@tsung_controller@ip-172-31-61-97 
0,691.8359375 
10,691.1484375 
20,687.0390625 
30,669.28125 
40,619.57421875 
50,619.57421875 
57,619.57421875 
