time,session 
0,76.63449999999943 
10,952.6322594270865 
20,1274.5563209338106 
30,3656.41833073953 
40,3682.485374561947 
50,4940.759847618801 
57,2119.4742087024506 
