time,freemem@tsung_controller@ip-172-31-61-97 
0,691.8359375 
10,691.8359375 
20,691.8359375 
30,691.8359375 
40,691.8359375 
50,691.8359375 
57,691.8359375 
