time,connect,request 
0,2.4147427866673032,89.56931208755412 
10,0.42134165387993733,82.27343109227091 
20,0.5326669962635349,628.8371691511808 
30,0.6292789648747092,1567.320835430059 
40,0.35899423490149635,1430.503297658435 
50,0.47397340554754336,3500.441142710109 
57,0.6303917971039914,2319.549959697051 
