time,cpu@tsung_controller@ip-172-31-61-97 
0,9.943240302326267 
10,0.9504752376188095 
20,0.751503006012024 
30,0.751503006012024 
40,0.751503006012024 
50,0.751503006012024 
57,0.751503006012024 
