time,size_sent,size_rcv 
0,13.109375,14.01328125 
10,66.35703125,80.58359375 
20,215.12578125,222.2515625 
30,651.33515625,788.5578125 
40,1356.36015625,1443.45078125 
50,294.30546875,388.22421875 
57,153.84453125,226.43203125 
