time,page 
0,123.69957438415635 
10,112.12096910870612 
20,823.2567437712697 
30,2279.509745473348 
40,2447.7117670517337 
50,5829.294798926881 
57,6907.668487138031 
