time,load@tsung_controller@ip-172-31-61-97 
0,0.078125 
10,0.05859375 
20,0.05078125 
30,0.05078125 
40,0.05078125 
50,0.05078125 
57,0.05078125 
