time,load@tsung_controller@ip-172-31-61-97 
0,0.078125 
10,0.078125 
20,0.078125 
30,0.078125 
40,0.12109375 
50,0.12109375 
57,0.12109375 
