time,session 
0,6432.404500000001 
10,6604.585666666667 
20,7296.473800000001 
30,10277.07954918033 
40,9172.585050518128 
50,16581.325312499994 
57,25005.415085714292 
