time,cpu@tsung_controller@ip-172-31-61-97 
0,9.943240302326267 
10,9.943240302326267 
20,9.943240302326267 
30,9.943240302326267 
40,13.74083129584352 
50,16.029411764705884 
57,16.029411764705884 
