time,cpu@tsung_controller@ip-172-31-61-97 
0,9.943240302326267 
10,0.9504752376188095 
20,0.751503006012024 
30,3.2467532467532463 
40,13.74083129584352 
50,16.029411764705884 
57,2.887008461921354 
