time,connect,request 
0,1.639105263157895,45.385967741935474 
10,1.2054943820224724,37.17847741935482 
20,1.202548961424333,352.2654657534245 
30,1.0489001280409722,649.5662183156184 
40,0.9671410071942474,298.84972865687917 
50,1.1402288732394388,2361.3987923832947 
57,1.1484879999999997,944.180763855423 
