time,size_sent,size_rcv 
0,13.109375,14.01328125 
10,79.46640625,94.596875 
20,294.5921875,316.8484375 
30,945.92734375,1105.40625 
40,2302.2875,2548.85703125 
50,2596.59296875,2937.08125 
57,2750.4375,3163.51328125 
