time,page 
0,100.6235 
10,80.76964705882357 
20,640.0496153846149 
30,1269.2864072208242 
40,833.3000808249726 
50,6465.742617760615 
57,5254.5845722543345 
