time,load@tsung_controller@ip-172-31-61-97 
0,0.078125 
10,0.05859375 
20,0.05078125 
30,0.05078125 
40,0.12109375 
50,0.1015625 
57,0.078125 
