time,load@tsung_controller@ip-172-31-50-170 
0,0.08984375 
10,0.078125 
20,0.0703125 
30,0.05859375 
40,0.05078125 
50,0.0390625 
60,0.03125 
70,0.03125 
80,0.01953125 
90,0.01953125 
100,0.01953125 
110,0.01171875 
120,0.01171875 
130,0.01171875 
140,0.01171875 
150,0.0 
160,0.0 
170,0.0 
180,0.0 
190,0.078125 
200,0.0703125 
210,0.19921875 
220,0.3203125 
230,0.26953125 
240,0.37890625 
250,0.3203125 
260,0.421875 
270,0.3515625 
280,0.30078125 
290,0.25 
295,0.2109375 
