time,load@tsung_controller@ip-172-31-53-64 
0,0.078125 
10,0.078125 
20,0.078125 
30,0.078125 
40,0.078125 
50,0.078125 
60,0.078125 
70,0.078125 
80,0.078125 
90,0.078125 
100,0.078125 
110,0.078125 
120,0.078125 
130,0.078125 
140,0.078125 
150,0.078125 
160,0.078125 
170,0.078125 
180,0.078125 
190,0.078125 
200,0.1015625 
210,0.171875 
220,0.2890625 
230,0.390625 
240,0.41015625 
250,0.41015625 
260,0.41015625 
270,0.41015625 
280,0.41015625 
290,0.41015625 
292,0.41015625 
