time,load@tsung_controller@ip-172-31-53-64 
0,0.078125 
10,0.0703125 
20,0.05859375 
30,0.05078125 
40,0.0390625 
50,0.03125 
60,0.03125 
70,0.01953125 
80,0.01953125 
90,0.01953125 
100,0.01171875 
110,0.01171875 
120,0.01171875 
130,0.078125 
140,0.0703125 
150,0.05859375 
160,0.05078125 
170,0.0390625 
180,0.03125 
190,0.03125 
200,0.1015625 
210,0.171875 
220,0.2890625 
230,0.390625 
240,0.41015625 
250,0.3515625 
260,0.2890625 
270,0.25 
280,0.2109375 
290,0.1796875 
292,0.1484375 
