time,load@tsung_controller@ip-172-31-32-66 
0,0.19140625 
10,0.16015625 
20,0.140625 
30,0.109375 
40,0.1015625 
50,0.078125 
60,0.0703125 
70,0.140625 
80,0.12109375 
90,0.1015625 
100,0.078125 
110,0.0703125 
120,0.05859375 
130,0.05078125 
140,0.0390625 
150,0.03125 
160,0.1015625 
170,0.08984375 
180,0.0703125 
190,0.140625 
200,0.19921875 
210,0.171875 
220,0.140625 
230,0.3515625 
