time,freemem@tsung_controller@ip-172-31-32-66 
0,691.0 
10,691.515625 
20,691.35546875 
30,691.109375 
40,691.0703125 
50,687.03515625 
60,686.15625 
70,683.16796875 
80,684.25 
90,683.75390625 
100,674.44921875 
110,668.13671875 
120,674.6875 
130,659.05078125 
140,627.625 
150,609.54296875 
160,598.453125 
170,581.2109375 
180,574.1796875 
190,580.61328125 
200,581.0078125 
210,579.55078125 
220,570.89453125 
230,548.9140625 
