time,session 
0,562.5524827577572 
10,2368.123860086437 
20,6683.230023123534 
30,6100.010728437192 
40,3415.654696823278 
50,5500.496589756368 
60,6622.833953589571 
70,4055.7378883046094 
80,5865.4634485458555 
90,6835.169360741121 
100,4726.601244025676 
110,5690.994571417214 
120,6797.227419351737 
130,7792.088032555639 
140,8339.750282450548 
150,10369.902195286675 
160,11375.436182059422 
170,10483.828744287905 
180,9431.140948186854 
190,8729.386061689214 
