time,page 
0,91.33775 
10,66.26080555555555 
20,53.85293750000001 
30,81.02948076923076 
40,90.05378181818183 
50,67.41785333333331 
60,83.80001052631577 
70,83.38643965517242 
80,144.55965789473694 
90,187.92543455497372 
100,377.3214456928841 
110,427.97578518518515 
120,617.8699285714287 
130,3131.1807490347487 
140,2693.0976764705883 
150,2598.147790919954 
160,1753.9661894647372 
170,1668.5096433978124 
180,1258.0098052287588 
190,968.1828582126817 
