time,freemem@tsung_controller@ip-172-31-44-188 
0,686.265625 
10,688.44921875 
20,688.44921875 
30,688.44921875 
40,688.44921875 
50,688.44921875 
60,688.44921875 
70,688.44921875 
80,688.44921875 
90,688.44921875 
100,688.44921875 
110,688.44921875 
120,688.44921875 
130,688.44921875 
140,688.44921875 
150,688.44921875 
160,688.44921875 
170,688.44921875 
180,688.44921875 
190,688.44921875 
