time,session 
0,2173.4305 
10,3991.9792500000003 
20,6682.382461538464 
30,4842.535125 
40,4160.229714285714 
50,3986.0582499999996 
60,6523.774151515153 
70,3533.2777741935483 
80,5172.77028125 
90,6095.643189655172 
100,4783.624428571427 
110,5707.758067567566 
120,6568.2752142857125 
130,9568.390846153847 
140,10575.439028571422 
150,13115.678117391308 
160,11898.102411575577 
170,11396.231689855058 
180,9354.799565217398 
190,7957.317916387971 
