time,cpu@tsung_controller@ip-172-31-44-188 
0,4.60874162848079 
10,4.60874162848079 
20,4.60874162848079 
30,4.60874162848079 
40,4.60874162848079 
50,4.60874162848079 
60,4.60874162848079 
70,4.60874162848079 
80,4.60874162848079 
90,4.60874162848079 
100,4.60874162848079 
110,4.60874162848079 
120,4.60874162848079 
130,4.60874162848079 
140,4.60874162848079 
150,5.149583128984796 
160,8.25242718446602 
170,9.646146388754241 
180,9.646146388754241 
190,12.00192030724916 
