time,page 
0,109.89240419013272 
10,91.00832868443644 
20,87.25973308066324 
30,122.66618810860548 
40,113.11225095978224 
50,98.99387775045395 
60,123.57114467778813 
70,118.44194351863064 
80,177.1131208388889 
90,247.7250597936854 
100,406.87883777834594 
110,522.8299601335862 
120,617.2137866658353 
130,2040.2225308922093 
140,4012.8883083140668 
150,4291.540563923573 
160,3429.26897907967 
170,2894.1743818680256 
180,2760.766530593795 
190,2280.0995107524104 
