time,freemem@tsung_controller@ip-172-31-44-188 
0,686.265625 
10,686.265625 
20,685.2734375 
30,685.2734375 
40,684.94140625 
50,684.4609375 
60,684.37109375 
70,683.77734375 
80,681.0078125 
90,673.7421875 
100,670.04296875 
110,666.4921875 
120,662.578125 
130,647.359375 
140,628.80078125 
150,619.23046875 
160,598.65234375 
170,598.65234375 
180,598.65234375 
190,598.65234375 
