time,freemem@tsung_controller@ip-172-31-48-15 
0,689.69921875 
10,689.69921875 
20,689.0546875 
30,686.97265625 
40,683.75390625 
50,681.98046875 
60,681.73828125 
70,673.80078125 
80,670.59765625 
90,670.59765625 
100,660.24609375 
110,640.10546875 
120,619.44921875 
130,612.66015625 
140,607.5859375 
150,607.5859375 
160,602.921875 
170,602.921875 
180,602.921875 
190,602.921875 
200,598.62890625 
210,597.66015625 
