time,freemem@tsung_controller@ip-172-31-53-120 
0,682.9609375 
10,682.9609375 
20,682.9609375 
30,682.9609375 
40,682.9609375 
50,682.9609375 
60,682.9609375 
70,682.9609375 
80,682.9609375 
90,682.9609375 
100,682.9609375 
110,682.9609375 
120,682.9609375 
130,682.9609375 
140,682.9609375 
150,682.9609375 
160,682.9609375 
170,682.9609375 
180,682.9609375 
190,682.9609375 
200,682.9609375 
210,682.9609375 
220,682.9609375 
230,682.9609375 
240,682.9609375 
250,682.9609375 
254,682.9609375 
