time,load@tsung_controller@ip-172-31-53-120 
0,0.0 
10,0.0 
20,0.0 
30,0.0 
40,0.0 
50,0.0 
60,0.0 
70,0.0 
80,0.0 
90,0.0 
100,0.0 
110,0.0 
120,0.0 
130,0.0 
140,0.0 
150,0.0 
160,0.0 
170,0.0 
180,0.0 
190,0.1484375 
200,0.19921875 
210,0.48046875 
220,0.5703125 
230,0.48046875 
240,0.62890625 
250,0.5390625 
254,0.44921875 
