time,freemem@tsung_controller@ip-172-31-48-15 
0,689.69921875 
10,690.01171875 
20,690.01171875 
30,690.01171875 
40,690.01171875 
50,690.01171875 
60,690.01171875 
70,690.01171875 
80,690.01171875 
90,690.01171875 
100,690.01171875 
110,690.01171875 
120,690.01171875 
130,690.01171875 
140,690.01171875 
150,690.01171875 
160,690.01171875 
170,690.01171875 
180,690.01171875 
190,690.01171875 
200,690.01171875 
210,690.01171875 
