time,cpu@tsung_controller@ip-172-31-48-15 
0,3.2028271180135777 
10,0.6986027944111777 
20,0.44999999999999996 
30,0.25 
40,0.25 
50,0.25 
60,0.25 
70,0.25 
80,0.25 
90,0.25 
100,0.25 
110,0.25 
120,0.25 
130,0.25 
140,0.25 
150,0.25 
160,0.25 
170,0.25 
180,0.25 
190,0.25 
200,0.25 
210,0.25 
