time,freemem@tsung_controller@ip-172-31-48-15 
0,689.69921875 
10,690.01171875 
20,689.0546875 
30,686.97265625 
40,683.75390625 
50,681.98046875 
60,681.73828125 
70,673.80078125 
80,670.59765625 
90,674.19921875 
100,660.24609375 
110,640.10546875 
120,619.44921875 
130,612.66015625 
140,607.5859375 
150,610.11328125 
160,602.921875 
170,608.20703125 
180,609.52734375 
190,606.38671875 
200,598.62890625 
210,597.66015625 
