time,load@tsung_controller@ip-172-31-61-231 
0,0.03125 
10,0.01953125 
20,0.01953125 
30,0.01953125 
40,0.171875 
