time,freemem@tsung_controller@ip-172-31-61-231 
0,685.046875 
10,685.046875 
20,685.046875 
30,685.046875 
40,685.046875 
