time,session 
0,740.7581146070828 
10,1117.188643601506 
20,1733.4153017123056 
30,3527.3141281446724 
40,3926.399307440577 
