time,connect,request 
0,2.2704444444444443,94.47818518518521 
10,1.2544722222222224,178.8891960784314 
20,1.231267379679145,1313.737087136929 
30,1.2127889039242226,822.7309242990642 
40,1.1535775862068962,726.4124497009243 
