time,cpu@tsung_controller@ip-172-31-61-231 
0,4.951651278021522 
10,1.500750375187594 
20,1.4042126379137412 
30,1.4042126379137412 
40,1.4042126379137412 
