time,freemem@tsung_controller@ip-172-31-61-231 
0,685.046875 
10,682.72265625 
20,677.65234375 
30,662.171875 
40,617.70703125 
