time,size_sent,size_rcv 
0,9.37421875,34.6921875 
10,46.1,166.2375 
20,150.6015625,470.6265625 
30,557.86796875,1438.0859375 
40,991.825,2132.478125 
