time,connect,request 
0,2.7701255130453366,204.97385432583332 
10,0.20389641789005286,254.06427110913577 
20,0.3825225492707856,1026.3385890160546 
30,0.9070543344930416,1636.704468603285 
40,0.4213716446866089,2026.9468820131 
