time,page 
0,237.59861820848903 
10,284.9259385906069 
20,1308.7275984028988 
30,2487.171336539122 
40,2352.024041004086 
