time,cpu@tsung_controller@ip-172-31-61-231 
0,4.951651278021522 
10,4.951651278021522 
20,4.951651278021522 
30,4.951651278021522 
40,7.146529562982005 
