time,load@tsung_controller@ip-172-31-61-231 
0,0.03125 
10,0.03125 
20,0.03125 
30,0.03125 
40,0.171875 
