time,session 
0,3688.2004 
10,4256.871777777777 
20,6614.924514285714 
30,6047.985396551719 
40,5842.558069999996 
