time,page 
0,141.82083333333338 
10,253.29936231884045 
20,1671.663809523809 
30,1151.650650689904 
40,783.9800841361589 
