time,size_sent,size_rcv 
0,9.37421875,34.6921875 
10,36.72578125,131.5453125 
20,104.5015625,304.3890625 
30,407.26640625,967.459375 
40,433.95703125,694.3921875 
