time,load@tsung_controller@ip-172-31-53-120 
0,0.0 
10,0.0 
20,0.0 
30,0.0 
40,0.0 
50,0.0 
60,0.0 
70,0.0 
80,0.0 
90,0.0 
100,0.0 
110,0.0 
120,0.0 
130,0.0 
140,0.0 
150,0.16015625 
160,0.12890625 
170,0.109375 
180,0.1015625 
190,0.23828125 
200,0.28125 
210,0.37890625 
220,0.3203125 
230,0.26953125 
240,0.23046875 
250,0.19140625 
260,0.16015625 
268,0.140625 
