time,load@tsung_controller@ip-172-31-44-99 
0,0.0 
10,0.0 
20,0.0 
30,0.0 
40,0.0 
50,0.0 
60,0.0 
70,0.0 
80,0.0 
90,0.0 
100,0.0 
110,0.0 
120,0.0 
130,0.0 
140,0.0703125 
150,0.0703125 
160,0.0703125 
170,0.0703125 
180,0.0703125 
190,0.0703125 
200,0.171875 
210,0.21875 
220,0.26953125 
230,0.26953125 
240,0.26953125 
248,0.26953125 
