time,load@tsung_controller@ip-172-31-36-20 
0,0.0 
10,0.0 
20,0.0 
30,0.0 
40,0.0 
50,0.0 
60,0.0 
70,0.0 
80,0.0 
90,0.0 
100,0.0 
110,0.0 
120,0.0703125 
130,0.0703125 
140,0.2109375 
150,0.2109375 
160,0.2109375 
170,0.2109375 
180,0.2109375 
190,0.2109375 
200,0.2109375 
210,0.2890625 
220,0.3203125 
230,0.3203125 
240,0.3203125 
250,0.3203125 
260,0.3203125 
269,0.3203125 
