time,freemem@tsung_controller@ip-172-31-59-73 
0,670.1484375 
10,670.1484375 
20,670.1484375 
30,670.1484375 
39,669.37890625 
