time,cpu@tsung_controller@ip-172-31-59-73 
0,1.3322662411762922 
10,0.6487025948103792 
20,0.7462686567164178 
30,2.1653543307086616 
39,6.410879067508499 
