time,session 
0,31.49414285714286 
10,21.35790322580645 
20,19.175503816793885 
30,22.27240819964348 
39,29.533242484969964 
