time,size_sent,size_rcv 
0,3.17890625,17.1828125 
10,13.11328125,71.1859375 
20,54.74296875,297.0171875 
30,237.55078125,1284.50859375 
39,247.40234375,1346.91640625 
