time,cpu@tsung_controller@ip-172-31-59-73 
0,1.3322662411762922 
10,0.6487025948103792 
20,0.6487025948103792 
30,0.6487025948103792 
39,0.6487025948103792 
