time,size_sent,size_rcv 
0,3.17890625,17.1828125 
10,16.2921875,88.36875 
20,71.03515625,385.3859375 
30,308.5859375,1669.89453125 
39,555.98828125,3016.8109375 
