time,cpu@tsung_controller@ip-172-31-59-73 
0,1.3322662411762922 
10,1.3322662411762922 
20,1.3322662411762922 
30,2.1653543307086616 
39,6.410879067508499 
