time,request,connect 
0,14.49764285714286,3.528571428571429 
10,9.744499999999999,1.8410689655172414 
20,8.585690082644629,1.536760330578512 
30,9.88876599808979,1.442358095238096 
39,13.6071741112124,1.4407093235831805 
