time,page 
0,154.76321719395156 
10,638.4174496842214 
20,696.2671712425852 
30,2214.5205515904995 
40,4150.230176428829 
50,8009.316794920731 
52,4.1752082188012265 
