time,connect,request 
0,2.714428571428571,54.15308333333334 
10,1.3206585365853654,275.2702911392406 
20,0.9925182926829258,460.1813314606739 
30,1.180134366925064,634.0867697922522 
40,0,1100.8472955414013 
50,0,3104.4975532786875 
52,0,6.869276729559745 
