time,freemem@tsung_controller@ip-172-31-43-202 
0,690.61328125 
10,688.24609375 
20,672.234375 
30,652.12109375 
40,611.8828125 
50,605.953125 
52,677.21484375 
