time,page 
0,130.15033333333338 
10,486.1504411764705 
20,682.5292254335261 
30,1071.9624759945125 
40,2196.281316326525 
50,12375.372706319702 
52,20.896905660377364 
