time,session 
0,5796.209 
10,8254.495299999999 
20,9002.46165517241 
30,9395.634747368425 
40,11047.704036290324 
50,25430.651674556222 
52,27792.663355555545 
