time,cpu@tsung_controller@ip-172-31-43-202 
0,2.911679068262698 
10,2.911679068262698 
20,2.911679068262698 
30,5.097087378640777 
40,9.375 
50,9.375 
52,9.375 
