time,freemem@tsung_controller@ip-172-31-43-202 
0,690.61328125 
10,690.61328125 
20,690.61328125 
30,690.61328125 
40,690.61328125 
50,690.61328125 
52,690.61328125 
