time,load@tsung_controller@ip-172-31-43-202 
0,0.0 
10,0.0 
20,0.0 
30,0.078125 
40,0.1484375 
50,0.19921875 
52,0.19921875 
