time,session 
0,581.5964735008858 
10,1066.4825274625034 
20,1374.3679538162203 
30,3632.7618498659613 
40,4577.015836239693 
50,5429.125364039609 
52,3243.3850259207907 
