time,load@tsung_controller@ip-172-31-45-17 
0,0.0703125 
10,0.0703125 
20,0.0703125 
30,0.0703125 
40,0.0703125 
50,0.0703125 
60,0.0703125 
70,0.0703125 
80,0.0703125 
90,0.0703125 
100,0.0703125 
110,0.0703125 
120,0.0703125 
130,0.0703125 
140,0.0703125 
150,0.078125 
160,0.078125 
170,0.078125 
180,0.078125 
190,0.078125 
200,0.1796875 
210,0.1796875 
220,0.1796875 
230,0.19140625 
240,0.19140625 
250,0.21875 
260,0.21875 
270,0.21875 
280,0.21875 
290,0.21875 
292,0.21875 
