time,load@tsung_controller@ip-172-31-45-17 
0,0.0703125 
10,0.05859375 
20,0.05078125 
30,0.0390625 
40,0.03125 
50,0.03125 
60,0.01953125 
70,0.01953125 
80,0.01953125 
90,0.01171875 
100,0.01171875 
110,0.01171875 
120,0.01171875 
130,0.0 
140,0.0 
150,0.078125 
160,0.0703125 
170,0.05859375 
180,0.05078125 
190,0.0390625 
200,0.1796875 
210,0.1484375 
220,0.12890625 
230,0.19140625 
240,0.16015625 
250,0.21875 
260,0.1796875 
270,0.1484375 
280,0.12890625 
290,0.109375 
292,0.08984375 
