time,load@tsung_controller@ip-172-31-45-17 
0,0.01171875 
10,0.01171875 
20,0.01171875 
30,0.01171875 
40,0.01171875 
50,0.0 
60,0.0 
70,0.0 
80,0.0 
90,0.0 
100,0.0 
110,0.0 
120,0.0 
130,0.0 
140,0.0 
150,0.0 
160,0.0 
170,0.0 
180,0.0 
190,0.1484375 
200,0.12890625 
210,0.33984375 
220,0.2890625 
230,0.3203125 
240,0.4296875 
247,0.37109375 
