time,load@tsung_controller@ip-172-31-53-120 
0,0.0 
10,0.0 
20,0.0 
30,0.0 
40,0.0 
50,0.0 
60,0.0 
70,0.0 
80,0.0 
90,0.0 
100,0.0 
110,0.0 
120,0.0 
130,0.0 
140,0.0 
150,0.078125 
160,0.078125 
170,0.078125 
180,0.19921875 
190,0.19921875 
200,0.2890625 
210,0.2890625 
220,0.2890625 
230,0.2890625 
240,0.30859375 
250,0.41015625 
260,0.421875 
270,0.421875 
280,0.421875 
290,0.421875 
292,0.421875 
