time,load@tsung_controller@ip-172-31-45-17 
0,0.1015625 
10,0.08984375 
20,0.0703125 
30,0.05859375 
40,0.05078125 
50,0.0390625 
60,0.0390625 
70,0.03125 
80,0.01953125 
90,0.01953125 
100,0.01953125 
110,0.01171875 
120,0.01171875 
130,0.01171875 
140,0.01171875 
150,0.01171875 
160,0.078125 
170,0.0703125 
180,0.05859375 
190,0.05078125 
200,0.19921875 
210,0.23828125 
220,0.2890625 
230,0.3203125 
238,0.4296875 
