time,freemem@tsung_controller@ip-172-31-61-97 
0,690.82421875 
10,690.82421875 
20,690.82421875 
30,690.82421875 
40,690.82421875 
50,690.82421875 
52,690.82421875 
