time,cpu@tsung_controller@ip-172-31-61-97 
0,5.106953793086928 
10,0.6986027944111777 
20,1.6409746394828444 
30,4.277286135693215 
40,10.645472061657033 
50,5.610236220472441 
52,3.946719289590528 
