time,page 
0,113.59560000000002 
10,98.87996103896103 
20,1235.6249218750002 
30,1983.260272962488 
40,1694.5438804597682 
50,7934.118677115994 
52,0 
