time,connect,request 
0,1.8114285714285714,51.570590909090896 
10,1.1543861386138616,46.36767682926831 
20,1.1839175824175812,615.4877224576272 
30,1.107026162790696,886.7643834338991 
40,1.1032014598540159,849.1417766561513 
50,1.1662028301886809,2380.1170840000027 
52,0,0 
