time,session 
10,1053.2633199697123 
20,1676.9566006018856 
30,3867.2522697822383 
40,4343.939398808646 
50,3506.075017960691 
52,0 
