time,cpu@tsung_controller@ip-172-31-61-97 
0,5.106953793086928 
10,0.6986027944111777 
20,0.6986027944111777 
30,0.6986027944111777 
40,0.6986027944111777 
50,0.6986027944111777 
52,0.6986027944111777 
