time,connect,request 
0,2.3396519495211163,93.50258838986957 
10,0.2816029776752809,103.63303399412989 
20,0.5598621777210058,916.1337679702809 
30,1.0298994185356178,1704.8457500072452 
40,0.49137422401573516,2430.8594766027377 
50,0.4529121508715396,3760.414588257136 
52,0,0 
