time,size_sent,size_rcv 
0,9.325,9.1734375 
10,82.378125,93.1359375 
20,333.2234375,326.09140625 
30,962.5625,968.59609375 
40,1636.3875,1419.50703125 
50,1951.88203125,1785.66953125 
52,1951.88203125,1785.66953125 
