time,freemem@tsung_controller@ip-172-31-61-97 
0,690.82421875 
10,690.51953125 
20,683.6015625 
30,667.92578125 
40,629.65234375 
50,631.75390625 
52,686.62109375 
