time,size_sent,size_rcv 
0,9.325,9.1734375 
10,73.053125,83.9625 
20,250.8453125,232.95546875 
30,629.3390625,642.5046875 
40,673.825,450.9109375 
50,315.49453125,366.1625 
52,0,0 
