time,load@tsung_controller@ip-172-31-61-97 
0,0.0 
10,0.0 
20,0.0 
30,0.0 
40,0.23046875 
50,0.23046875 
52,0.23046875 
