time,page 
0,120.81039008893234 
10,151.23970239629725 
20,1282.0765588956724 
30,2634.9630907355186 
40,3569.430791183459 
50,7002.809458268947 
52,0 
