time,session 
10,7480.671384615383 
20,8009.941125000003 
30,11781.224581818178 
40,11846.55725910932 
50,23352.485075000008 
52,0 
