time,cpu@tsung_controller@ip-172-31-61-97 
0,5.106953793086928 
10,5.106953793086928 
20,5.106953793086928 
30,5.106953793086928 
40,10.645472061657033 
50,10.645472061657033 
52,10.645472061657033 
