time,cpu@tsung_controller@ip-172-31-50-170 
0,10.752520528011642 
10,0.39980009995002497 
20,0.39980009995002497 
30,0.25 
40,0.25 
50,0.25 
60,0.25 
70,0.25 
80,0.25 
90,0.25 
100,0.25 
110,0.25 
120,0.25 
130,0.25 
140,0.25 
150,0.25 
160,0.25 
170,0.25 
180,0.25 
190,0.25 
200,0.25 
210,0.25 
220,0.25 
230,0.25 
240,0.25 
250,0.25 
260,0.25 
270,0.25 
280,0.25 
290,0.25 
300,0.25 
310,0.25 
320,0.15 
330,0.05002501250625312 
340,0.0 
350,0.0 
352,0.0 
