time,freemem@tsung_controller@ip-172-31-42-6 
0,684.7421875 
10,684.7421875 
20,684.7421875 
30,684.7421875 
40,684.625 
50,683.421875 
60,683.17578125 
70,676.76171875 
80,676.76171875 
90,676.76171875 
100,670.7109375 
110,670.10546875 
120,661.37109375 
130,648.4140625 
140,626.7265625 
150,615.61328125 
160,604.10546875 
170,603.234375 
180,590.390625 
190,590.390625 
200,585.5703125 
210,580.84765625 
220,578.18359375 
230,568.32421875 
240,566.24609375 
