time,freemem@tsung_controller@ip-172-31-42-6 
0,684.7421875 
10,688.7734375 
20,688.7734375 
30,688.7734375 
40,688.7734375 
50,688.7734375 
60,688.7734375 
70,688.7734375 
80,688.7734375 
90,688.7734375 
100,688.7734375 
110,688.7734375 
120,688.7734375 
130,688.7734375 
140,688.7734375 
150,688.7734375 
160,688.7734375 
170,688.7734375 
180,688.7734375 
190,688.7734375 
200,688.7734375 
210,688.7734375 
220,688.7734375 
230,688.7734375 
240,688.7734375 
