time,load@tsung_controller@ip-172-31-50-170 
0,0.0 
10,0.0 
20,0.0 
30,0.0 
40,0.078125 
50,0.078125 
60,0.078125 
70,0.078125 
80,0.078125 
90,0.078125 
100,0.078125 
110,0.078125 
120,0.078125 
130,0.1015625 
140,0.1015625 
150,0.1015625 
160,0.1015625 
170,0.1015625 
180,0.12109375 
190,0.171875 
200,0.171875 
210,0.19921875 
220,0.19921875 
230,0.2890625 
240,0.2890625 
245,0.4296875 
