time,load@tsung_controller@ip-172-31-50-170 
0,0.0 
10,0.0 
20,0.0 
30,0.0 
40,0.078125 
50,0.0703125 
60,0.05859375 
70,0.05078125 
80,0.0390625 
90,0.03125 
100,0.03125 
110,0.01953125 
120,0.01953125 
130,0.1015625 
140,0.078125 
150,0.0703125 
160,0.05859375 
170,0.05078125 
180,0.12109375 
190,0.171875 
200,0.1484375 
210,0.19921875 
220,0.171875 
230,0.2890625 
240,0.23828125 
245,0.4296875 
