time,freemem@tsung_controller@ip-172-31-50-170 
0,685.8984375 
10,684.62109375 
20,685.08203125 
30,684.82421875 
40,676.734375 
50,675.7265625 
60,674.921875 
70,674.25390625 
80,670.8984375 
90,668.75 
100,665.7421875 
110,668.18359375 
120,656.66796875 
130,655.6015625 
140,645.31640625 
150,645.1796875 
160,618.03125 
170,611.87109375 
180,621.95703125 
190,542.35546875 
200,434.41015625 
210,356.53125 
220,391.37109375 
230,398.98828125 
240,385.08984375 
245,548.44140625 
