time,session 
0,6214.325 
10,7705.837789473684 
20,12981.933857142856 
30,14644.174386363638 
40,17105.19153333333 
50,32729.001812500002 
57,37049.63968156425 
