time,size_sent,size_rcv 
0,13.34140625,1261.553125 
10,83.25546875,5802.66015625 
20,135.996875,8561.2375 
30,325.82265625,8464.5515625 
40,173.7140625,5057.6984375 
50,133.81796875,18688.80859375 
57,281.8828125,2274.0703125 
