time,connect,request 
0,2.090142857142857,55.73183783783784 
10,1.2531538461538463,155.72042187500003 
20,1.2934922279792749,2104.1030420168067 
30,1.2484615384615385,1873.3278032564438 
40,0,3817.0849365994245 
50,0,9916.40459272727 
57,0,1057.7052643504512 
