time,cpu@tsung_controller@ip-172-31-55-94 
0,0.7132796353444126 
10,0.3003003003003003 
20,0.3003003003003003 
30,0.3003003003003003 
40,0.3003003003003003 
50,0.3003003003003003 
57,0.3003003003003003 
