time,session 
0,0 
10,1243.7993278701638 
20,3387.480089531847 
30,4835.398102621744 
40,4876.831862475367 
50,3373.5656475962155 
57,3559.053608760478 
