time,load@tsung_controller@ip-172-31-43-243 
0,0.171875 
10,0.171875 
20,0.171875 
30,0.171875 
40,0.171875 
50,0.171875 
60,0.171875 
70,0.171875 
80,0.171875 
90,0.171875 
100,0.171875 
110,0.171875 
120,0.171875 
130,0.171875 
140,0.171875 
150,0.171875 
160,0.171875 
170,0.171875 
180,0.171875 
190,0.171875 
200,0.171875 
210,0.171875 
220,0.25 
230,0.25 
240,0.25 
249,0.25 
