time,load@tsung_controller@ip-172-31-43-243 
0,0.171875 
10,0.140625 
20,0.12109375 
30,0.1015625 
40,0.078125 
50,0.0703125 
60,0.05859375 
70,0.05078125 
80,0.0390625 
90,0.0390625 
100,0.03125 
110,0.01953125 
120,0.01953125 
130,0.01953125 
140,0.01171875 
150,0.01171875 
160,0.01171875 
170,0.078125 
180,0.0703125 
190,0.05859375 
200,0.12109375 
210,0.1015625 
220,0.25 
230,0.2109375 
240,0.25 
249,0.2109375 
