time,freemem@tsung_controller@ip-172-31-62-87 
0,681.0546875 
10,681.39453125 
20,681.39453125 
30,681.39453125 
40,681.39453125 
49,681.39453125 
