time,page 
0,125.35318123349732 
10,218.76319363338004 
20,1118.3197457100073 
30,2256.4157819252896 
40,4320.216340118534 
49,8733.404062915231 
