time,cpu@tsung_controller@ip-172-31-62-87 
0,1.0548923284388978 
10,1.0548923284388978 
20,1.4449427005480817 
30,2.6134122287968444 
40,14.49480642115203 
49,14.49480642115203 
