time,cpu@tsung_controller@ip-172-31-62-87 
0,1.0548923284388978 
10,0.3498250874562719 
20,0.3498250874562719 
30,0.3498250874562719 
40,0.3498250874562719 
49,0.3498250874562719 
