time,load@tsung_controller@ip-172-31-59-214 
0,0.109375 
10,0.1015625 
20,0.078125 
30,0.0703125 
40,0.05859375 
50,0.05078125 
60,0.0390625 
70,0.03125 
80,0.03125 
90,0.01953125 
100,0.01953125 
110,0.1015625 
120,0.078125 
130,0.0703125 
140,0.05859375 
150,0.05078125 
160,0.0390625 
170,0.03125 
180,0.03125 
190,0.1015625 
200,0.16015625 
210,0.140625 
220,0.19921875 
230,0.16015625 
240,0.140625 
250,0.12109375 
260,0.171875 
270,0.30859375 
