time,load@tsung_controller@ip-172-31-59-214 
0,0.109375 
10,0.1015625 
20,0.078125 
30,0.0703125 
40,0.05859375 
50,0.05078125 
60,0.0390625 
70,0.03125 
80,0.03125 
90,0.01953125 
100,0.01953125 
110,0.01953125 
120,0.01953125 
130,0.01953125 
140,0.01953125 
150,0.01953125 
160,0.01953125 
170,0.01953125 
180,0.01953125 
190,0.01953125 
200,0.01953125 
210,0.01953125 
220,0.01953125 
230,0.01953125 
240,0.01953125 
250,0.01953125 
260,0.01953125 
270,0.01953125 
