time,session 
0,22.597478984268232 
10,174.4391654855341 
20,1129.599333026798 
30,3067.6720431526064 
40,5876.804260338207 
49,5519.157842302045 
