time,session 
0,279.2426666666667 
10,390.3751785714286 
20,2788.3633333333323 
30,1103.0428144499188 
40,2676.3273033175365 
49,18156.742453947383 
