time,size_sent,size_rcv 
0,23.584375,53.57265625 
10,101.46171875,373.80390625 
20,244.5515625,1103.9734375 
30,843.81875,2578.3890625 
40,1367.63515625,4646.38515625 
49,1555.66953125,8187.040625 
