time,page 
0,138.29255555555557 
10,194.0584464285715 
20,1408.8887272727277 
30,597.7881172227221 
40,1507.5075721649484 
49,8473.530606271757 
