time,size_sent,size_rcv 
0,23.584375,53.57265625 
10,77.87734375,320.23125 
20,143.08984375,730.16953125 
30,599.2671875,1474.415625 
40,523.81640625,2067.99609375 
49,188.034375,3540.65546875 
