time,connect,request 
0,2.8761633008807643,82.10086050738123 
10,0.2579542776830808,119.13589874084758 
20,0.7240891466653538,1113.5273345546123 
30,0.6047934409466413,1226.2969005366679 
40,0.2528786268137719,2053.933921503587 
49,0,1858.4625207115444 
