time,freemem@tsung_controller@ip-172-31-62-87 
0,681.0546875 
10,681.0546875 
20,675.41796875 
30,662.13671875 
40,645.17578125 
49,626.69921875 
