time,load@tsung_controller@ip-172-31-36-20 
0,0.01953125 
10,0.01953125 
20,0.01171875 
30,0.01171875 
40,0.01171875 
50,0.08984375 
60,0.0703125 
70,0.05859375 
80,0.05078125 
90,0.0390625 
100,0.0390625 
110,0.03125 
120,0.01953125 
130,0.01953125 
140,0.01953125 
150,0.01171875 
160,0.01171875 
170,0.08984375 
180,0.078125 
190,0.05859375 
200,0.05078125 
210,0.0390625 
220,0.0390625 
230,0.03125 
