time,freemem@tsung_controller@ip-172-31-36-20 
0,690.5625 
10,687.24609375 
20,686.640625 
30,683.875 
40,681.65234375 
50,678.65234375 
60,678.65234375 
70,678.65234375 
80,670.90625 
90,663.70703125 
100,663.70703125 
110,648.2578125 
120,628.75390625 
130,621.3671875 
140,600.35546875 
150,600.35546875 
160,584.76953125 
170,584.76953125 
180,584.76953125 
190,584.76953125 
200,584.76953125 
210,584.76953125 
220,584.76953125 
230,584.76953125 
