time,freemem@tsung_controller@ip-172-31-44-99 
0,683.546875 
10,683.546875 
20,683.546875 
30,683.546875 
40,683.546875 
50,683.546875 
60,683.546875 
70,683.546875 
80,683.546875 
90,683.546875 
100,683.546875 
110,683.546875 
120,683.546875 
130,683.546875 
140,683.546875 
150,683.546875 
160,683.546875 
170,683.546875 
180,683.546875 
190,683.546875 
200,683.546875 
210,683.546875 
220,683.546875 
230,683.546875 
240,683.546875 
248,683.546875 
