time,load@tsung_controller@ip-172-31-44-99 
0,0.0 
10,0.0 
20,0.0 
30,0.0 
40,0.0 
50,0.0 
60,0.0 
70,0.0 
80,0.0 
90,0.0 
100,0.0 
110,0.0 
120,0.0 
130,0.0 
140,0.0703125 
150,0.05859375 
160,0.05078125 
170,0.0390625 
180,0.0390625 
190,0.03125 
200,0.171875 
210,0.21875 
220,0.26953125 
230,0.21875 
240,0.19140625 
248,0.23046875 
