time,freemem@tsung_controller@ip-172-31-44-99 
0,683.546875 
10,680.3125 
20,680.30078125 
30,680.30078125 
40,679.3828125 
50,677.265625 
60,677.265625 
70,671.33203125 
80,671.33203125 
90,671.33203125 
100,663.33203125 
110,646.67578125 
120,639.38671875 
130,627.5234375 
140,621.16796875 
150,610.0390625 
160,607.58984375 
170,607.58984375 
180,606.65625 
190,606.65625 
200,606.65625 
210,606.65625 
220,606.65625 
230,606.65625 
240,606.65625 
248,606.5859375 
