time,freemem@tsung_controller@ip-172-31-44-99 
0,683.546875 
10,680.3125 
20,680.30078125 
30,680.6328125 
40,679.3828125 
50,677.265625 
60,677.734375 
70,671.33203125 
80,673.01171875 
90,674.44921875 
100,663.33203125 
110,646.67578125 
120,639.38671875 
130,627.5234375 
140,621.16796875 
150,610.0390625 
160,607.58984375 
170,608.5625 
180,606.65625 
190,608.796875 
200,615.953125 
210,617.60546875 
220,613.17578125 
230,611.10546875 
240,608.48046875 
248,606.5859375 
