time,session 
0,571.5378374351168 
10,630.8708736478549 
20,2383.5457769204945 
30,3241.448267666872 
40,6965.648330180198 
47,4587.7556184733385 
