time,session 
0,2517.4725714285714 
10,2868.72752173913 
20,7680.06685 
30,3615.3147728194745 
40,5160.927726218093 
47,17449.317868131868 
