time,connect,request 
0,4.0055000000000005,53.47816666666668 
10,1.504,162.94168556701038 
20,1.6030424242424244,1854.558144366197 
30,1.6058289855072447,363.87085158346815 
40,1.3438842975206615,985.3801959459462 
47,0,2162.2262248908323 
