time,page 
0,116.23511721351743 
10,447.0854544320603 
20,1742.0609459776272 
30,2904.851146481942 
40,4957.579026865885 
47,6228.84854529426 
