time,cpu@tsung_controller@ip-172-31-59-73 
0,4.307910467831253 
10,0.5497251374312844 
20,0.95 
30,2.185792349726776 
40,7.17534108135422 
47,2.119071644803229 
