time,session 
0,540.9697810949879 
10,812.4810041588862 
20,1915.7733701352902 
30,3910.2402788272448 
40,5520.9801787613615 
47,6111.188100239766 
