time,cpu@tsung_controller@ip-172-31-54-30 
0,2.84426185993899 
10,0.49975012493753124 
20,0.49975012493753124 
30,0.49975012493753124 
40,0.49975012493753124 
47,0.49975012493753124 
