time,session 
0,2051.1776999999997 
10,2530.366705882352 
20,5363.957875000002 
30,3251.370341296928 
40,7295.091229166666 
47,16838.71814285715 
