time,freemem@tsung_controller@ip-172-31-59-73 
0,692.65234375 
10,692.65234375 
20,692.65234375 
30,692.65234375 
40,692.65234375 
47,692.65234375 
