time,size_sent,size_rcv 
0,29.696875,64.353125 
10,110.51015625,227.57578125 
20,200.1875,348.4171875 
30,740.61484375,1254.13671875 
40,449.3078125,963.2734375 
47,57.01875,87.484375 
