time,connect,request 
0,2.4298461538461535,50.921176470588236 
10,1.3142391304347825,97.40581967213105 
20,1.2337696078431364,1215.8951473087816 
30,1.113005215123858,334.76953747672303 
40,0.9725979381443293,1048.0414375827088 
47,0,9.003844827586208 
