time,cpu@tsung_controller@ip-172-31-59-73 
0,4.307910467831253 
10,4.307910467831253 
20,4.307910467831253 
30,4.307910467831253 
40,7.17534108135422 
47,7.17534108135422 
