time,freemem@tsung_controller@ip-172-31-54-30 
0,688.53125 
10,687.734375 
20,681.05859375 
30,649.5078125 
40,624.5234375 
47,624.5234375 
