time,cpu@tsung_controller@ip-172-31-59-73 
0,4.307910467831253 
10,0.5497251374312844 
20,0.5497251374312844 
30,0.5497251374312844 
40,0.5497251374312844 
47,0.5497251374312844 
