time,size_sent,size_rcv 
0,20.9171875,47.7015625 
10,79.28203125,175.24921875 
20,132.51171875,260.60546875 
30,504.5234375,1083.85078125 
40,381.3890625,890.615625 
47,132.8734375,634.79296875 
