time,cpu@tsung_controller@ip-172-31-54-30 
0,2.84426185993899 
10,2.84426185993899 
20,2.84426185993899 
30,3.98034398034398 
40,15.766423357664234 
47,15.766423357664234 
