time,freemem@tsung_controller@ip-172-31-54-30 
0,688.53125 
10,688.53125 
20,688.53125 
30,688.53125 
40,688.53125 
47,688.53125 
