time,size_sent,size_rcv 
0,20.9171875,47.7015625 
10,100.19921875,222.95078125 
20,232.7109375,483.55625 
30,737.234375,1567.40703125 
40,1118.6234375,2458.02265625 
47,1251.496875,3092.815625 
