time,freemem@tsung_controller@ip-172-31-59-73 
0,692.65234375 
10,692.328125 
20,685.3046875 
30,666.95703125 
40,639.36328125 
47,637.546875 
