time,size_sent,size_rcv 
0,29.696875,64.353125 
10,140.20703125,291.92890625 
20,340.39453125,640.34609375 
30,1081.009375,1894.4828125 
40,1530.3171875,2857.75625 
47,1587.3359375,2945.240625 
