time,page 
0,119.34334463469321 
10,223.2581468240622 
20,1499.795594713024 
30,2080.9940689845293 
40,4597.869755985225 
47,6.1668976860456 
