time,page 
0,101.91741176470589 
10,182.09946721311476 
20,1260.9513626943003 
30,601.5779953292853 
40,2414.320701957297 
47,18.105413793103452 
