time,cpu@tsung_controller@ip-172-31-54-30 
0,2.84426185993899 
10,0.49975012493753124 
20,1.4917951268025857 
30,3.98034398034398 
40,15.766423357664234 
47,3.1936127744510974 
