time,page 
0,170.18864705882353 
10,413.2120185185185 
20,4109.576094339622 
30,908.3085682624111 
40,2146.6054123581343 
47,7959.681569288401 
