time,connect,request 
0,4.41600365534537,84.24333429032359 
10,0.9689659926904288,134.35983047054668 
20,1.5047872890062395,1083.602142767085 
30,1.02133212343553,1345.637106276166 
40,0.08313827257576842,2273.6842382621558 
47,0,4.694994134628647 
