time,connect,request 
0,7.480773118468438,84.9775206180914 
10,0.15531324502962607,216.4156957731781 
20,0.7095916568085516,979.5390469955878 
30,1.264953779198144,1345.2096346041556 
40,0.34725861918231393,2313.132131318726 
47,0,2065.58180661037 
