time,load@tsung_controller@ip-172-31-45-17 
0,0.01953125 
10,0.01953125 
20,0.01953125 
30,0.01171875 
40,0.01171875 
50,0.01171875 
60,0.01171875 
70,0.0 
80,0.0 
90,0.0 
100,0.0 
110,0.0 
120,0.0 
130,0.0 
140,0.0 
150,0.0 
160,0.0 
170,0.0 
180,0.0 
190,0.0 
200,0.0703125 
210,0.05859375 
220,0.12890625 
230,0.33984375 
240,0.2890625 
250,0.23828125 
260,0.19921875 
270,0.171875 
