time,load@tsung_controller@ip-172-31-36-55 
0,0.0 
10,0.0 
20,0.0703125 
30,0.05859375 
40,0.05078125 
50,0.0390625 
60,0.0390625 
70,0.03125 
80,0.01953125 
90,0.01953125 
100,0.01953125 
110,0.01171875 
120,0.01171875 
130,0.01171875 
140,0.01171875 
150,0.01171875 
160,0.0 
170,0.0 
180,0.0 
190,0.0 
200,0.0 
210,0.0 
220,0.0 
230,0.0 
240,0.0 
250,0.1484375 
260,0.28125 
270,0.23828125 
