time,freemem@tsung_controller@ip-172-31-53-120 
0,681.0078125 
10,679.453125 
20,678.60546875 
30,678.3046875 
40,676.87109375 
50,676.87109375 
60,676.87109375 
70,674.97265625 
80,671.6328125 
90,670.8984375 
100,658.83984375 
110,650.59375 
120,635.02734375 
130,616.12890625 
140,585.65234375 
150,569.546875 
160,569.546875 
170,569.546875 
180,569.546875 
190,569.546875 
200,569.546875 
210,569.546875 
220,569.546875 
230,569.546875 
240,569.546875 
250,569.546875 
259,569.546875 
