time,freemem@tsung_controller@ip-172-31-53-120 
0,681.0078125 
10,681.0078125 
20,681.0078125 
30,681.0078125 
40,681.0078125 
50,681.0078125 
60,681.0078125 
70,681.0078125 
80,681.0078125 
90,681.0078125 
100,681.0078125 
110,681.0078125 
120,681.0078125 
130,681.0078125 
140,681.0078125 
150,681.0078125 
160,681.0078125 
170,681.0078125 
180,681.0078125 
190,681.0078125 
200,681.0078125 
210,681.0078125 
220,681.0078125 
230,681.0078125 
240,681.0078125 
250,681.0078125 
259,681.0078125 
