time,load@tsung_controller@ip-172-31-53-120 
0,0.0 
10,0.0 
20,0.0 
30,0.0 
40,0.0 
50,0.0 
60,0.0 
70,0.0 
80,0.0 
90,0.0703125 
100,0.05859375 
110,0.12890625 
120,0.1796875 
130,0.1484375 
140,0.12890625 
150,0.109375 
160,0.08984375 
170,0.078125 
180,0.05859375 
190,0.05078125 
200,0.12890625 
210,0.109375 
220,0.08984375 
230,0.078125 
240,0.05859375 
250,0.05078125 
259,0.0390625 
