time,cpu@tsung_controller@ip-172-31-61-231 
0,6.068583997067352 
10,0.3498250874562719 
20,0.3498250874562719 
30,0.3498250874562719 
40,0.3498250874562719 
50,0.3498250874562719 
60,0.3498250874562719 
70,0.3498250874562719 
