time,connect,request 
0,2.7954,124.45431249999999 
10,1.2326216216216217,255.7663361344537 
20,1.2900503597122304,1173.893011976048 
30,1.2612759170653909,873.9423819036427 
40,1.0944867369766755,204.14020273694823 
50,1.1100714479025753,168.41778651083 
60,0,10457.443820105826 
70,0,10635.870614285717 
