time,load@tsung_controller@ip-172-31-61-231 
0,0.01953125 
10,0.01953125 
20,0.01953125 
30,0.01171875 
40,0.01171875 
50,0.01171875 
60,0.01171875 
70,0.01171875 
