time,size_sent,size_rcv 
0,10.9265625,41.43125 
10,53.4859375,195.5828125 
20,129.92109375,405.8859375 
30,520.45390625,1383.0109375 
40,1664.34921875,3604.57265625 
50,3175.075,6069.9671875 
60,3248.60703125,6326.796875 
70,3288.87578125,6528.0671875 
