time,freemem@tsung_controller@ip-172-31-61-231 
0,692.62109375 
10,692.62109375 
20,692.62109375 
30,692.62109375 
40,692.62109375 
50,692.62109375 
60,692.62109375 
70,692.62109375 
