time,size_sent,size_rcv 
0,10.9265625,41.43125 
10,42.559375,154.1515625 
20,76.43515625,210.303125 
30,390.5328125,977.125 
40,1143.8953125,2221.56171875 
50,1510.72578125,2465.39453125 
60,73.53203125,256.8296875 
70,40.26875,201.2703125 
