time,page 
0,247.1316323213399 
10,454.0486995250999 
20,1279.2715852578206 
30,2131.4547484083923 
40,1477.4395757566967 
50,1467.0567553408491 
60,3980.065841994199 
70,6643.169623435874 
