time,session 
0,660.2363434148451 
10,910.9902952576971 
20,2193.200982735236 
30,3319.355756225053 
40,3027.3466921833297 
50,2632.4545362154395 
60,3053.449809466714 
70,4511.230150310539 
