time,cpu@tsung_controller@ip-172-31-61-231 
0,6.068583997067352 
10,0.3498250874562719 
20,0.6496751624187905 
30,1.2054244098442994 
40,4.43527591542032 
50,20.61742006615215 
60,15.732172019597169 
70,0.9542943244600702 
