time,cpu@tsung_controller@ip-172-31-61-231 
0,6.068583997067352 
10,6.068583997067352 
20,6.068583997067352 
30,6.068583997067352 
40,6.068583997067352 
50,20.61742006615215 
60,20.61742006615215 
70,20.61742006615215 
