time,connect,request 
0,4.1502897537400925,220.58278912539808 
10,0.09618404412019847,355.98170674839525 
20,0.5223544694060764,1168.2998164433977 
30,1.0637117428496086,1394.0809517170737 
40,0.48007778336008256,1101.754449057453 
50,0.76050146712463,1244.1269118541031 
60,0,3087.2758481438354 
70,0,3480.465786607802 
