time,freemem@tsung_controller@ip-172-31-61-231 
0,692.62109375 
10,691.60546875 
20,681.7578125 
30,670.51953125 
40,619.42578125 
50,596.44921875 
60,645.5625 
70,642.94921875 
