time,page 
0,181.13890909090904 
10,371.04125609756085 
20,1259.9062323232326 
30,1295.8988689915154 
40,297.3097487188882 
50,204.15698739330315 
60,10750.624449101793 
70,13157.195371428574 
