time,session 
0,3627.5808333333334 
10,4289.131041666668 
20,6844.853727272726 
30,6961.356770491809 
40,4504.15497650794 
50,4149.185375971734 
60,18033.06919354839 
70,25954.863899999993 
