time,load@tsung_controller@ip-172-31-50-170 
0,0.0 
10,0.0 
20,0.0 
30,0.0 
40,0.0 
50,0.0 
60,0.0 
70,0.0 
80,0.0 
90,0.0 
100,0.0 
110,0.0 
120,0.0 
130,0.0 
140,0.0 
150,0.0 
160,0.0 
170,0.16015625 
180,0.2109375 
190,0.25 
200,0.25 
210,0.25 
220,0.25 
230,0.328125 
240,0.328125 
244,0.328125 
