time,load@tsung_controller@ip-172-31-50-238 
0,0.0 
10,0.0 
20,0.0 
30,0.0 
40,0.0 
50,0.0 
60,0.0 
70,0.0 
80,0.0 
90,0.0 
100,0.0 
110,0.0 
120,0.0 
130,0.0 
140,0.078125 
150,0.0703125 
160,0.05859375 
170,0.12890625 
180,0.109375 
190,0.08984375 
200,0.078125 
210,0.140625 
220,0.19921875 
230,0.23828125 
240,0.3515625 
249,0.30078125 
