time,freemem@tsung_controller@ip-172-31-50-238 
0,659.7109375 
10,661.63671875 
20,659.34765625 
30,659.953125 
40,658.12109375 
50,656.19921875 
60,660.3203125 
70,655.8515625 
80,653.0703125 
90,652.953125 
100,643.3828125 
110,640.125 
120,636.12109375 
130,620.984375 
140,604.5 
150,604.70703125 
160,603.56640625 
170,600.62109375 
180,594.51171875 
190,602.484375 
200,608.23046875 
210,607.36328125 
220,597.46484375 
230,594.31640625 
240,595.8203125 
249,594.06640625 
